{"New York, NY": [40.7127753, -74.0059728], "Paris, France": [48.856614, 2.3522219], "Zihuatanejo, Mexico": [17.6416693, -101.5516955], "Hue, Vietnam": [16.4637117, 107.5908628], "Datong, China": [40.076762, 113.300129], "Tokyo, Japan": [35.6761919, 139.6503106], "Berlin, Germany": [52.52000659999999, 13.404954], "Lima, Peru": [-12.0463731, -77.042754], "Varanasi, India": [25.3176452, 82.9739144], "Leighton Buzzard, England": [51.9196839, -0.6606569999999999]}